"Biome","Terrain","Surface","Args"
"BiomeGenBase.mushroomIsland","TerrainSmallIsland","SurfaceGrassland","BiomeGenBase.mushroomIsland.topBlock, BiomeGenBase.mushroomIsland.fillerBlock, Blocks.stone, Blocks.cobblestone"
"BiomeGenBase.jungle","TerrainHighland","SurfaceGrassland","BiomeGenBase.jungle.topBlock, BiomeGenBase.jungle.fillerBlock, Blocks.stone, Blocks.cobblestone"
"icePlainsSpikes","TerrainHighland","SurfaceGrassland","icePlainsSpikes.topBlock, icePlainsSpikes.fillerBlock, Blocks.stone, Blocks.cobblestone"
"sunflowerPlains","TerrainMarsh","SurfaceGrassland","sunflowerPlains.topBlock, sunflowerPlains.fillerBlock, Blocks.stone, Blocks.cobblestone"
"BOPCBiomes.bambooForest","TerrainSwampMountain","SurfaceMountainStone","BOPCBiomes.bambooForest.topBlock, BOPCBiomes.bambooForest.fillerBlock, false, null, 0.95f"
"BOPCBiomes.bayou","TerrainSwampRiver","SurfaceGrassland","BOPCBiomes.bayou.topBlock, BOPCBiomes.bayou.fillerBlock, Blocks.stone, Blocks.cobblestone"
"BOPCBiomes.bog","TerrainMarsh","SurfaceGrassland","BOPCBiomes.bog.topBlock, BOPCBiomes.bog.fillerBlock, Blocks.stone, Blocks.cobblestone"
"BOPCBiomes.borealForest","TerrainMountainSpikes","SurfaceMountainSnow","BOPCBiomes.borealForest.topBlock, BOPCBiomes.borealForest.fillerBlock, true, Blocks.sand, 0.45f, 1.5f, 60f, 65f, 0.4f, 130f, 50f, 1.5f"
"BOPCBiomes.brushland","TerrainGrasslandHills","SurfaceGrasslandMix1","BOPCBiomes.brushland.topBlock, BOPCBiomes.brushland.fillerBlock, Blocks.sand, Blocks.stone, Blocks.cobblestone, 13f, 0.27f"
"BOPCBiomes.brushland","TerrainDuneValley","SurfaceDuneValley","BOPCBiomes.brushland.topBlock, BOPCBiomes.brushland.fillerBlock, 300f, false, true"
"BOPCBiomes.canyon","TerrainCanyon","SurfaceCanyon","BOPCBiomes.canyon.topBlock, BOPCBiomes.canyon.fillerBlock, (byte) 0, 0"
"BOPCBiomes.chaparral","TerrainGrasslandHills","SurfaceGrasslandMix1","BOPCBiomes.chaparral.topBlock, BOPCBiomes.chaparral.fillerBlock, Blocks.sand, Blocks.stone, Blocks.cobblestone, 26f, 0.35f"
"BOPCBiomes.cherryBlossomGrove","TerrainHighland","SurfaceMountainStone","BOPCBiomes.borealForest.topBlock, BOPCBiomes.borealForest.fillerBlock, true, Blocks.sand, 0.45f, 1.5f, 60f, 65f, 1.5f"
"BOPCBiomes.coniferousForest","TerrainMountainRiver","SurfaceMountainSnow","Blocks.grass, Blocks.dirt, false, null, 0.45f"
"BOPCBiomes.snowyConiferousForest","TerrainMountainRiver","SurfaceMountainSnow","Blocks.grass, Blocks.dirt, false, null, 0.45f, 1.5f, 50f, 60f, 0.4f, 100f, 50f, 1.5f"
"BOPCBiomes.deadForest","TerrainGrasslandHills","SurfaceGrassland","BOPCBiomes.deadForest.topBlock, BOPCBiomes.deadForest.fillerBlock, Blocks.stone, Blocks.cobblestone"
"BOPCBiomes.deadSwamp","TerrainMarsh","SurfaceGrassland","BOPCBiomes.deadSwamp.topBlock, BOPCBiomes.deadSwamp.fillerBlock, Blocks.stone, Blocks.cobblestone"
"BOPCBiomes.deciduousForest","TerrainHighland","SurfaceGrassland","BOPCBiomes.deciduousForest.topBlock, BOPCBiomes.deciduousForest.fillerBlock, Blocks.stone, Blocks.cobblestone"
"BOPCBiomes.eucalyptusForest","TerrainSwampMountain","SurfaceMountainStone","BOPCBiomes.eucalyptusForest.topBlock, BOPCBiomes.eucalyptusForest.fillerBlock, false, null, 0.95f"
"BOPCBiomes.fen","TerrainHighland","SurfaceGrassland","BOPCBiomes.fen.topBlock, BOPCBiomes.fen.fillerBlock, Blocks.stone, Blocks.cobblestone"
"BOPCBiomes.flowerField","TerrainMarsh","SurfaceGrassland","BOPCBiomes.flowerField.topBlock, BOPCBiomes.flowerField.fillerBlock, Blocks.stone, Blocks.cobblestone"
"BOPCBiomes.frostForest","TerrainHighland","SurfaceGrassland","BOPCBiomes.frostForest.topBlock, BOPCBiomes.frostForest.fillerBlock, Blocks.stone, Blocks.cobblestone"
"BOPCBiomes.fungiForest","TerrainSwampMountain","SurfaceMountainStone","BOPCBiomes.fungiForest.topBlock, BOPCBiomes.fungiForest.fillerBlock, false, null, 0.95f"
"BOPCBiomes.garden","TerrainMountainSpikes","SurfaceMountainSnow","BOPCBiomes.garden.topBlock, BOPCBiomes.garden.fillerBlock, true, Blocks.sand, 0.45f, 1.5f, 60f, 65f, 0.4f, 130f, 50f, 1.5f"
"BOPCBiomes.grove","TerrainHighland","SurfaceGrassland","BOPCBiomes.grove.topBlock, BOPCBiomes.grove.fillerBlock, Blocks.stone, Blocks.cobblestone"
"BOPCBiomes.heathland","TerrainDuneValley","SurfaceDuneValley","BOPCBiomes.brushland.topBlock, BOPCBiomes.brushland.fillerBlock, 300f, false, true"
"BOPCBiomes.highland","TerrainHighland","SurfaceMountainStone","BOPCBiomes.highland.topBlock, BOPCBiomes.highland.fillerBlock, false, null, 1f, 1.5f, 85f, 20f, 4f"
"BOPCBiomes.jadeCliffs","TerrainHilly","SurfaceMountainStone","BOPCBiomes.jadeCliffs.topBlock, BOPCBiomes.jadeCliffs.fillerBlock, false, null, 0.95f"
"BOPCBiomes.jadeCliffs","TerrainHilly","SurfaceMountainStone","BOPCBiomes.jadeCliffs.topBlock, BOPCBiomes.jadeCliffs.fillerBlock, false, null, 0.95f"
"BOPCBiomes.landOfLakesMarsh","TerrainGrasslandHills","SurfaceGrassland","BOPCBiomes.landOfLakesMarsh.topBlock, BOPCBiomes.landOfLakesMarsh.fillerBlock, Blocks.stone, Blocks.cobblestone"
"BOPCBiomes.lavenderFields","TerrainMountainSpikes","SurfaceMountainStone","BOPCBiomes.lavenderFields.topBlock, BOPCBiomes.lavenderFields.fillerBlock, false, null, 1.2f"
"BOPCBiomes.lushDesert","TerrainGrasslandHills","SurfaceGrassland","BOPCBiomes.lushDesert.topBlock, BOPCBiomes.lushDesert.fillerBlock, Blocks.stone, Blocks.cobblestone"
"BOPCBiomes.lushSwamp","TerrainSwampRiver","SurfaceGrassland","BOPCBiomes.lushSwamp.topBlock, BOPCBiomes.lushSwamp.fillerBlock, Blocks.stone, Blocks.cobblestone"
"BOPCBiomes.mapleWoods","TerrainHighland","SurfaceGrassland","BOPCBiomes.mapleWoods.topBlock, BOPCBiomes.mapleWoods.fillerBlock, Blocks.stone, Blocks.cobblestone"
"BOPCBiomes.mangrove","TerrainSwampRiver","SurfaceGrassland","BOPCBiomes.mangrove.topBlock, BOPCBiomes.mangrove.fillerBlock, Blocks.stone, Blocks.cobblestone"
"BOPCBiomes.meadow","TerrainMountainSpikes","SurfaceMountainStone","BOPCBiomes.meadow.topBlock, BOPCBiomes.meadow.fillerBlock, false, null, 1.2f"
"BOPCBiomes.garden","TerrainMountainRiver","SurfaceGrassland","BOPCBiomes.garden.topBlock, BOPCBiomes.garden.fillerBlock, Blocks.stone, Blocks.cobblestone"
"BOPCBiomes.mountain","TerrainMountainRiver","SurfaceMountainStone","BOPCBiomes.mountain.topBlock, BOPCBiomes.mountain.fillerBlock, true, Blocks.sand, 0.75f"
"BOPCBiomes.ominousWoods","TerrainHilly","SurfaceGrassland","BOPCBiomes.ominousWoods.topBlock, BOPCBiomes.ominousWoods.fillerBlock, Blocks.stone, Blocks.cobblestone"
"BOPCBiomes.outback","TerrainDuneValley","SurfaceDuneValley","BOPCBiomes.outback.topBlock, BOPCBiomes.outback.fillerBlock, 300f, false, false"
"BOPCBiomes.prairie","TerrainGrasslandHills","SurfaceGrassland","BOPCBiomes.prairie.topBlock, BOPCBiomes.prairie.fillerBlock, Blocks.stone, Blocks.cobblestone"
"BOPCBiomes.rainforest","TerrainSwampMountain","SurfaceMountainStone","BOPCBiomes.rainforest.topBlock, BOPCBiomes.rainforest.fillerBlock, false, null, 1.3f"
"BOPCBiomes.quagmire","TerrainMarsh","SurfaceGrassland","BOPCBiomes.quagmire.topBlock, BOPCBiomes.quagmire.fillerBlock, Blocks.stone, Blocks.cobblestone"
"BOPCBiomes.redwoodForest","TerrainGrasslandHills","SurfaceMountainStone","BOPCBiomes.redwoodForest.topBlock, BOPCBiomes.redwoodForest.fillerBlock, false, null, 0.4f"
"BOPCBiomes.sacredSprings","TerrainHighland","SurfaceGrassland","BOPCBiomes.sacredSprings.topBlock, BOPCBiomes.sacredSprings.fillerBlock, Blocks.stone, Blocks.cobblestone"
"BOPCBiomes.seasonalForest","TerrainHighland","SurfaceGrassland","BOPCBiomes.seasonalForest.topBlock, BOPCBiomes.seasonalForest.fillerBlock, Blocks.stone, Blocks.cobblestone"
"BOPCBiomes.shield","TerrainGrasslandHills","SurfaceGrassland","BOPCBiomes.shield.topBlock, BOPCBiomes.shield.fillerBlock, Blocks.stone, Blocks.cobblestone"
"BOPCBiomes.shrubland","TerrainGrasslandHills","SurfaceGrassland","BOPCBiomes.shrubland.topBlock, BOPCBiomes.shrubland.fillerBlock, Blocks.stone, Blocks.cobblestone"
"BOPCBiomes.sludgepit","TerrainMarsh","SurfaceGrassland","BOPCBiomes.sludgepit.topBlock, BOPCBiomes.sludgepit.fillerBlock, Blocks.stone, Blocks.cobblestone"
"BOPCBiomes.temperateRainforest","TerrainMountainRiver","SurfaceMountainStone","BOPCBiomes.temperateRainforest.topBlock, BOPCBiomes.temperateRainforest.fillerBlock, false, null, 0.45f"
"BOPCBiomes.tropicalRainforest","TerrainHighland","SurfaceGrassland","BOPCBiomes.tropicalRainforest.topBlock, BOPCBiomes.tropicalRainforest.fillerBlock, Blocks.stone, Blocks.cobblestone"
"BOPCBiomes.tropics","TerrainMarsh","SurfaceGrassland","BOPCBiomes.tropics.topBlock, BOPCBiomes.tropics.fillerBlock, Blocks.stone, Blocks.cobblestone"
"BOPCBiomes.tropics","TerrainMarsh","SurfaceGrassland","BOPCBiomes.tropics.topBlock, BOPCBiomes.tropics.fillerBlock, Blocks.stone, Blocks.cobblestone"
"BOPCBiomes.tropics","TerrainMarsh","SurfaceGrassland","BOPCBiomes.tropics.topBlock, BOPCBiomes.tropics.fillerBlock, Blocks.stone, Blocks.cobblestone"
"BOPCBiomes.tropics","TerrainMarsh","SurfaceGrassland","BOPCBiomes.tropics.topBlock, BOPCBiomes.tropics.fillerBlock, Blocks.stone, Blocks.cobblestone"
"BOPCBiomes.oasis","TerrainMarsh","SurfaceGrassland","BOPCBiomes.oasis.topBlock, BOPCBiomes.oasis.fillerBlock, Blocks.stone, Blocks.cobblestone"
"BOPCBiomes.tundra","TerrainGrasslandHills","SurfaceGrassland","BOPCBiomes.tundra.topBlock, BOPCBiomes.tundra.fillerBlock, Blocks.stone, Blocks.cobblestone"
"BOPCBiomes.wetland","TerrainMarsh","SurfaceGrassland","BOPCBiomes.wetland.topBlock, BOPCBiomes.wetland.fillerBlock, Blocks.stone, Blocks.cobblestone"
"BOPCBiomes.woodland","TerrainHighland","SurfaceGrassland","BOPCBiomes.woodland.topBlock, BOPCBiomes.woodland.fillerBlock, Blocks.stone, Blocks.cobblestone"
"BiomeManager.alpine.get()","TerrainMountainRiver","SurfaceMountainSnow","Blocks.grass, Blocks.dirt, false, null, 0.45f"
"BiomeManager.autumnwoods.get()","TerrainHighland","SurfaceGrassland","BiomeManager.autumnwoods.get().topBlock, BiomeManager.autumnwoods.get().fillerBlock, Blocks.stone, Blocks.cobblestone"
"BiomeManager.birchforest.get()","TerrainHilly","SurfaceMountainStone","BiomeManager.birchforest.get().topBlock, BiomeManager.birchforest.get().fillerBlock, false, null, 0.95f"
"BiomeManager.extremejungle.get()","TerrainSwampMountain","SurfaceMountainStone","BiomeManager.extremejungle.get().topBlock, BiomeManager.extremejungle.get().fillerBlock, false, null, 0.95f"
"BiomeManager.forestedisland.get()","TerrainGrasslandHills","SurfaceGrassland","BiomeManager.forestedisland.get().topBlock, BiomeManager.forestedisland.get().fillerBlock, Blocks.stone, Blocks.cobblestone"
"BiomeManager.forestedhills.get()","TerrainHilly","SurfaceMountainStone","BiomeManager.forestedhills.get().topBlock, BiomeManager.forestedhills.get().fillerBlock, false, null, 0.95f"
"BiomeManager.glacier.get()","TerrainGrasslandHills","SurfaceMountainStone","BiomeManager.glacier.get().topBlock, BiomeManager.glacier.get().fillerBlock, false, null, 0.95f"
"BiomeManager.greenhills.get()","TerrainHilly","SurfaceMountainStone","BiomeManager.greenhills.get().topBlock, BiomeManager.greenhills.get().fillerBlock, false, null, 0.95f"
"BiomeManager.icewasteland.get()","TerrainPolar","SurfacePolar","BiomeManager.icewasteland.get().topBlock, BiomeManager.icewasteland.get().fillerBlock"
"BiomeManager.greenswamp.get()","TerrainSwampRiver","SurfaceGrassland","BiomeManager.greenswamp.get().topBlock, BiomeManager.greenswamp.get().fillerBlock, Blocks.stone, Blocks.cobblestone"
"BiomeManager.marsh.get()","TerrainMarsh","SurfaceMarshFix","BiomeManager.marsh.get().topBlock, BiomeManager.marsh.get().fillerBlock, Blocks.stone, Blocks.cobblestone"
"BiomeManager.meadow.get()","TerrainGrasslandHills","SurfaceGrassland","BiomeManager.meadow.get().topBlock, BiomeManager.meadow.get().fillerBlock, Blocks.stone, Blocks.cobblestone"
"BiomeManager.minijungle.get()","TerrainHighland","SurfaceGrassland","BiomeManager.minijungle.get().topBlock, BiomeManager.minijungle.get().fillerBlock, Blocks.stone, Blocks.cobblestone"
"BiomeManager.mountaindesert.get()","TerrainHilly","SurfaceDesertMountain","BiomeManager.mountaindesert.get().topBlock, BiomeManager.mountaindesert.get().fillerBlock, false, null, 0f, 1.5f, 60f, 65f, 1.5f"
"BiomeManager.mountainridge.get()","TerrainHilly","SurfaceDesertMountain","BiomeManager.mountainridge.get().topBlock, BiomeManager.mountainridge.get().fillerBlock, false, null, 0f, 1.5f, 60f, 65f, 1.5f"
"BiomeManager.mountaintaiga.get()","TerrainMountainSpikes","SurfaceMountainStone","BiomeManager.mountaintaiga.get().topBlock, BiomeManager.mountaintaiga.get().fillerBlock, false, null, 1.2f"
"BiomeManager.pineforest.get()","TerrainMountainSpikes","SurfaceMountainStone","BiomeManager.pineforest.get().topBlock, BiomeManager.pineforest.get().fillerBlock, false, null, 1.2f"
"BiomeManager.rainforest.get()","TerrainHilly","SurfaceGrassland","BiomeManager.rainforest.get().topBlock, BiomeManager.rainforest.get().fillerBlock, Blocks.stone, Blocks.cobblestone"
"BiomeManager.redwoodforest.get()","TerrainHilly","SurfaceMountainStone","BiomeManager.redwoodforest.get().topBlock, BiomeManager.redwoodforest.get().fillerBlock, true, Blocks.sand, 0.2f"
"BiomeManager.redwoodlush.get()","TerrainHilly","SurfaceMountainStone","BiomeManager.redwoodlush.get().topBlock, BiomeManager.redwoodlush.get().fillerBlock, true, Blocks.sand, 0.2f"
"BiomeManager.savanna.get()","TerrainGrasslandFlats","SurfaceGrasslandMix1","BiomeManager.savanna.get().topBlock, BiomeManager.savanna.get().fillerBlock, Blocks.sand, Blocks.stone, Blocks.cobblestone, 13f, 0.27f"
"BiomeManager.shrubland.get()","TerrainGrasslandHills","SurfaceGrassland","BiomeManager.shrubland.get().topBlock, BiomeManager.shrubland.get().fillerBlock, Blocks.stone, Blocks.cobblestone"
"BiomeManager.snowforest.get()","TerrainHighland","SurfaceGrassland","BiomeManager.snowforest.get().topBlock, BiomeManager.snowforest.get().fillerBlock, Blocks.stone, Blocks.cobblestone"
"BiomeManager.snowyrainforest.get()","TerrainHilly","SurfaceGrassland","BiomeManager.snowforest.get().topBlock, BiomeManager.snowforest.get().fillerBlock, Blocks.stone, Blocks.cobblestone"
"BiomeManager.temperaterainforest.get()","TerrainHilly","SurfaceMountainStone","BiomeManager.temperaterainforest.get().topBlock, BiomeManager.temperaterainforest.get().fillerBlock, true, Blocks.sand, 0.2f"
"BiomeManager.tundra.get()","TerrainGrasslandHills","SurfaceGrassland","BiomeManager.tundra.get().topBlock, BiomeManager.tundra.get().fillerBlock, Blocks.stone, Blocks.cobblestone"
"BiomeManager.wasteland.get()","TerrainGrasslandHills","SurfaceGrassland","BiomeManager.wasteland.get().topBlock, BiomeManager.wasteland.get().fillerBlock, Blocks.stone, Blocks.cobblestone"
"BiomeManager.woodlands.get()","TerrainHighland","SurfaceGrassland","BiomeManager.woodlands.get().topBlock, BiomeManager.woodlands.get().fillerBlock, Blocks.stone, Blocks.cobblestone"
"b[i]","TerrainSmallSupport","SurfaceGrassland","b[i].topBlock, b[i].fillerBlock, Blocks.stone, Blocks.cobblestone"
"b[i]","TerrainSwampMountain","SurfaceGrassland","b[i].topBlock, b[i].fillerBlock, Blocks.stone, Blocks.cobblestone"
"b[i]","TerrainSwampMountain","SurfaceGrassland","b[i].topBlock, b[i].fillerBlock, Blocks.stone, Blocks.cobblestone"
"b[i]","TerrainHighland","SurfaceGrassland","b[i].topBlock, b[i].fillerBlock, Blocks.stone, Blocks.cobblestone"
"b[i]","TerrainHilly","SurfaceGrassland","b[i].topBlock, b[i].fillerBlock, Blocks.stone, Blocks.cobblestone"
