"File","Status","Surface","Key"
"RealisticBiomeVanillaBeach","SKIP","","beach"
"RealisticBiomeVanillaBirchForest","DRY","RULE:SurfaceMountainStone","birchForest"
"RealisticBiomeVanillaBirchForestHills","DRY","RULE:SurfaceMountainStone","birchForestHills"
"RealisticBiomeVanillaBirchForestHillsM","DRY","RULE:SurfaceMountainStone","birchForestHillsM"
"RealisticBiomeVanillaBirchForestM","DRY","RULE:SurfaceMountainStone","birchForestM"
"RealisticBiomeVanillaColdBeach","DRY","RULE:SurfaceGrassland","coldBeach"
"RealisticBiomeVanillaColdTaiga","DRY","RULE:SurfaceMountainSnow","coldTaiga"
"RealisticBiomeVanillaColdTaigaHills","DRY","RULE:SurfaceMountainSnow","coldTaigaHills"
"RealisticBiomeVanillaColdTaigaM","DRY","RULE:SurfaceMountainStone","coldTaigaM"
"RealisticBiomeVanillaDeepOcean","SKIP","","deepOcean"
"RealisticBiomeVanillaDesert","DRY","RULE:SurfacePolar","desert"
"RealisticBiomeVanillaDesertHills","DRY","RULE:SurfaceMountainStone","desertHills"
"RealisticBiomeVanillaDesertM","DRY","RULE:SurfaceMountainStone","desertM"
"RealisticBiomeVanillaExtremeHills","DRY","RULE:SurfaceTundra","extremeHills"
"RealisticBiomeVanillaExtremeHillsEdge","DRY","RULE:SurfaceMountainSnow","extremeHillsEdge"
"RealisticBiomeVanillaExtremeHillsM","SKIP","","extremeHillsM"
"RealisticBiomeVanillaExtremeHillsPlus","DRY","RULE:SurfaceMountainStone","extremeHillsPlus"
"RealisticBiomeVanillaExtremeHillsPlusM","SKIP","","extremeHillsPlusM"
"RealisticBiomeVanillaFlowerForest","DRY","RULE:SurfaceMountainStone","flowerForest"
"RealisticBiomeVanillaForest","DRY","RULE:SurfaceMountainStone","forest"
"RealisticBiomeVanillaForestHills","DRY","RULE:SurfaceMountainStone","forestHills"
"RealisticBiomeVanillaFrozenOcean","SKIP","","frozenOcean"
"RealisticBiomeVanillaFrozenRiver","DRY","RULE:SurfaceMountainSnow","frozenRiver"
"RealisticBiomeVanillaIceMountains","DRY","RULE:SurfaceMountainSnow","iceMountains"
"RealisticBiomeVanillaIcePlains","DRY","RULE:SurfaceMountainSnow","icePlains"
"RealisticBiomeVanillaIcePlainsSpikes","DRY","SUPPORT:SurfaceGrassland","icePlainsSpikes"
"RealisticBiomeVanillaJungle","DRY","SUPPORT:SurfaceGrassland","jungle"
"RealisticBiomeVanillaJungleEdge","DRY","RULE:SurfaceMountainStone","jungleEdge"
"RealisticBiomeVanillaJungleEdgeM","DRY","RULE:SurfaceMountainStone","jungleEdgeM"
"RealisticBiomeVanillaJungleHills","DRY","RULE:SurfaceMountainStone","jungleHills"
"RealisticBiomeVanillaJungleM","DRY","RULE:SurfaceMountainStone","jungleM"
"RealisticBiomeVanillaMegaSpruceTaiga","DRY","RULE:SurfaceMountainSnow","megaSpruceTaiga"
"RealisticBiomeVanillaMegaTaiga","DRY","RULE:SurfaceMountainSnow","megaTaiga"
"RealisticBiomeVanillaMegaTaigaHills","DRY","RULE:SurfaceMountainSnow","megaTaigaHills"
"RealisticBiomeVanillaMesa","DRY","RULE:SurfaceMesa","mesa"
"RealisticBiomeVanillaMesaBryce","DRY","RULE:SurfaceMesa","mesaBryce"
"RealisticBiomeVanillaMesaPlateau","DRY","RULE:SurfaceMesa","mesaPlateau"
"RealisticBiomeVanillaMesaPlateauF","SKIP","","mesaPlateauF"
"RealisticBiomeVanillaMesaPlateauFM","SKIP","","mesaPlateauFM"
"RealisticBiomeVanillaMesaPlateauM","SKIP","","mesaPlateauM"
"RealisticBiomeVanillaMushroomIsland","DRY","SUPPORT:SurfaceGrassland","mushroomIsland"
"RealisticBiomeVanillaMushroomIslandShore","DRY","RULE:SurfaceGrassland","mushroomIslandShore"
"RealisticBiomeVanillaOcean","SKIP","","ocean"
"RealisticBiomeVanillaPlains","DRY","RULE:SurfaceGrassland","plains"
"RealisticBiomeVanillaRedwoodTaigaHills","DRY","RULE:SurfaceMountainSnow","redwoodTaigaHills"
"RealisticBiomeVanillaRiver","DRY","RULE:SurfaceMountainSnow","river"
"RealisticBiomeVanillaRoofedForest","DRY","RULE:SurfaceMountainStone","roofedForest"
"RealisticBiomeVanillaRoofedForestM","DRY","RULE:SurfaceMountainStone","roofedForestM"
"RealisticBiomeVanillaSavanna","DRY","RULE:SurfaceGrassland","savanna"
"RealisticBiomeVanillaSavannaM","DRY","RULE:SurfaceMesa","savannaM"
"RealisticBiomeVanillaSavannaPlateau","DRY","RULE:SurfaceMesa","savannaPlateau"
"RealisticBiomeVanillaSavannaPlateauM","DRY","RULE:SurfaceMesa","savannaPlateauM"
"RealisticBiomeVanillaStoneBeach","SKIP","","stoneBeach"
"RealisticBiomeVanillaSunflowerPlains","DRY","SUPPORT:SurfaceGrassland","sunflowerPlains"
"RealisticBiomeVanillaSwampland","DRY","RULE:SurfaceGrassland","swampland"
"RealisticBiomeVanillaSwamplandM","DRY","RULE:SurfaceGrassland","swamplandM"
"RealisticBiomeVanillaTaiga","DRY","RULE:SurfaceMountainSnow","taiga"
"RealisticBiomeVanillaTaigaHills","DRY","RULE:SurfaceMountainSnow","taigaHills"
"RealisticBiomeVanillaTaigaM","DRY","RULE:SurfaceGrassland","taigaM"
"RealisticBiomeBOPAlps","DRY","RULE:SurfaceTundra","alps"
"RealisticBiomeBOPAlpsFoothills","DRY","RULE:SurfaceMountainSnow","alpsFoothills"
"RealisticBiomeBOPBambooForest","DRY","SUPPORT:SurfaceMountainStone","bambooForest"
"RealisticBiomeBOPBayou","DRY","SUPPORT:SurfaceGrassland","bayou"
"RealisticBiomeBOPBog","DRY","SUPPORT:SurfaceGrassland","bog"
"RealisticBiomeBOPBorealForest","DRY","SUPPORT:SurfaceMountainSnow","borealForest"
"RealisticBiomeBOPBrushland","DRY","SUPPORT:SurfaceGrasslandMix1","brushland"
"RealisticBiomeBOPChaparral","DRY","SUPPORT:SurfaceGrasslandMix1","chaparral"
"RealisticBiomeBOPCherryBlossomGrove","DRY","SUPPORT:SurfaceMountainStone","cherryBlossomGrove"
"RealisticBiomeBOPColdDesert","DRY","RULE:SurfaceDesertMountain","coldDesert"
"RealisticBiomeBOPConiferousForest","DRY","SUPPORT:SurfaceMountainSnow","coniferousForest"
"RealisticBiomeBOPCoralReef","SKIP","","coralReef"
"RealisticBiomeBOPCrag","DRY","RULE:SurfaceCanyon","crag"
"RealisticBiomeBOPDeadForest","DRY","SUPPORT:SurfaceGrassland","deadForest"
"RealisticBiomeBOPDeadSwamp","DRY","SUPPORT:SurfaceGrassland","deadSwamp"
"RealisticBiomeBOPEucalyptusForest","DRY","SUPPORT:SurfaceMountainStone","eucalyptusForest"
"RealisticBiomeBOPFen","DRY","SUPPORT:SurfaceGrassland","fen"
"RealisticBiomeBOPFlowerField","DRY","SUPPORT:SurfaceGrassland","flowerField"
"RealisticBiomeBOPFlowerIsland","DRY","RULE:SurfaceIslandMountainStone","flowerIsland"
"RealisticBiomeBOPGlacier","DRY","RULE:SurfaceMountainSnow","glacier"
"RealisticBiomeBOPGrassland","DRY","RULE:SurfaceGrassland","grassland"
"RealisticBiomeBOPGravelBeach","SKIP","","gravelBeach"
"RealisticBiomeBOPGrove","DRY","SUPPORT:SurfaceGrassland","grove"
"RealisticBiomeBOPHighland","DRY","SUPPORT:SurfaceMountainStone","highland"
"RealisticBiomeBOPKelpForest","SKIP","","kelpForest"
"RealisticBiomeBOPLandOfLakes","DRY","RULE:SurfaceGrassland","landOfLakes"
"RealisticBiomeBOPLavenderFields","DRY","SUPPORT:SurfaceMountainStone","lavenderFields"
"RealisticBiomeBOPLushDesert","DRY","SUPPORT:SurfaceGrassland","lushDesert"
"RealisticBiomeBOPLushSwamp","DRY","SUPPORT:SurfaceGrassland","lushSwamp"
"RealisticBiomeBOPMangrove","DRY","SUPPORT:SurfaceGrassland","mangrove"
"RealisticBiomeBOPMapleWoods","DRY","SUPPORT:SurfaceGrassland","mapleWoods"
"RealisticBiomeBOPMarsh","DRY","RULE:SurfaceGrassland","marsh"
"RealisticBiomeBOPMeadow","DRY","SUPPORT:SurfaceMountainStone","meadow"
"RealisticBiomeBOPMoor","DRY","RULE:SurfaceMountainSnow","moor"
"RealisticBiomeBOPMountainFoothills","DRY","RULE:SurfaceMountainSnow","mountainFoothills"
"RealisticBiomeBOPMountainPeaks","DRY","RULE:SurfaceMountainSnow","mountainPeaks"
"RealisticBiomeBOPMysticGrove","DRY","RULE:SurfaceGrassland","mysticGrove"
"RealisticBiomeBOPOasis","DRY","SUPPORT:SurfaceGrassland","oasis"
"RealisticBiomeBOPOminousWoods","DRY","SUPPORT:SurfaceGrassland","ominousWoods"
"RealisticBiomeBOPOrchard","DRY","RULE:SurfaceGrassland","orchard"
"RealisticBiomeBOPOriginBeach","SKIP","","originBeach"
"RealisticBiomeBOPOriginIsland","DRY","RULE:SurfaceIslandMountainStone","originIsland"
"RealisticBiomeBOPOutback","DRY","SUPPORT:SurfaceDuneValley","outback"
"RealisticBiomeBOPOvergrownCliffs","DRY","RULE:SurfaceMountainSnow","overgrownCliffs"
"RealisticBiomeBOPPasture","DRY","RULE:SurfaceGrassland","pasture"
"RealisticBiomeBOPPrairie","DRY","SUPPORT:SurfaceGrassland","prairie"
"RealisticBiomeBOPQuagmire","DRY","SUPPORT:SurfaceGrassland","quagmire"
"RealisticBiomeBOPRainforest","DRY","SUPPORT:SurfaceMountainStone","rainforest"
"RealisticBiomeBOPRedwoodForest","DRY","SUPPORT:SurfaceMountainStone","redwoodForest"
"RealisticBiomeBOPRedwoodForestEdge","DRY","RULE:SurfaceGrassland","redwoodForestEdge"
"RealisticBiomeBOPSacredSprings","DRY","SUPPORT:SurfaceGrassland","sacredSprings"
"RealisticBiomeBOPSeasonalForest","DRY","SUPPORT:SurfaceGrassland","seasonalForest"
"RealisticBiomeBOPShield","DRY","SUPPORT:SurfaceGrassland","shield"
"RealisticBiomeBOPShrubland","DRY","SUPPORT:SurfaceGrassland","shrubland"
"RealisticBiomeBOPSnowyConiferousForest","DRY","SUPPORT:SurfaceMountainSnow","snowyConiferousForest"
"RealisticBiomeBOPSnowyForest","DRY","RULE:SurfaceGrassland","snowyForest"
"RealisticBiomeBOPSnowyTundra","DRY","RULE:SurfaceGrassland","snowyTundra"
"RealisticBiomeBOPSteppe","DRY","RULE:SurfaceGrassland","steppe"
"RealisticBiomeBOPTemperateRainforest","DRY","SUPPORT:SurfaceMountainStone","temperateRainforest"
"RealisticBiomeBOPTropicalIsland","DRY","RULE:SurfaceIslandMountainStone","tropicalIsland"
"RealisticBiomeBOPTropicalRainforest","DRY","SUPPORT:SurfaceGrassland","tropicalRainforest"
"RealisticBiomeBOPTundra","DRY","SUPPORT:SurfaceGrassland","tundra"
"RealisticBiomeBOPVolcanicIsland","DRY","RULE:SurfaceIslandMountainStone","volcanicIsland"
"RealisticBiomeBOPWasteland","DRY","RULE:SurfaceGrassland","wasteland"
"RealisticBiomeBOPWetland","DRY","SUPPORT:SurfaceGrassland","wetland"
"RealisticBiomeBOPWhiteBeach","SKIP","","whiteBeach"
"RealisticBiomeBOPWoodland","DRY","SUPPORT:SurfaceGrassland","woodland"
"RealisticBiomeBOPXericShrubland","DRY","RULE:SurfaceGrassland","xericShrubland"
"RealisticBiomeTCEerie","DRY","RULE:SurfaceGrassland","eerie"
"RealisticBiomeTCMagicalForest","DRY","RULE:SurfaceGrassland","magicalForest"
