"File","Key","Climate","Temp","Rain","Tags","Terrain","TerrainFam","Surface","SurfaceFam","Palette","SurfaceArgs","Flags"
"RealisticBiomeBOPAlps","alps","","","","","terrainMountain","LAND","SurfaceTundra","LAND","BIOME","getConfig(), baseBiome().topBlock, baseBiome().fillerBlock",""
"RealisticBiomeBOPAlpsFoothills","alps_foothills","","","","","terrainMountainRiver","LAND","SurfaceMountainSnow","LAND","BIOME","getConfig(), baseBiome().topBlock, baseBiome().fillerBlock, true, Blocks.SAND.getDefaultState(), 0.2f",""
"RealisticBiomeBOPBambooForest","bamboo_forest","","","","","terrainSwampMountain","LAND","SurfaceMountainStone","LAND","BIOME","getConfig(), baseBiome().topBlock, baseBiome().fillerBlock, false, null, 0.95f",""
"RealisticBiomeBOPBayou","bayou","","","","","terrainSwampRiver","LAND","SurfaceGrassland","LAND","BIOME","getConfig(), baseBiome().topBlock, baseBiome().fillerBlock, Blocks.STONE.getDefaultState(), Blocks.COBBLESTONE.getDefaultState()",""
"RealisticBiomeBOPBog","bog","","","","","terrainMarsh","LAND","SurfaceGrassland","LAND","BIOME","getConfig(), baseBiome().topBlock, baseBiome().fillerBlock, Blocks.STONE.getDefaultState(), Blocks.COBBLESTONE.getDefaultState()",""
"RealisticBiomeBOPBorealForest","boreal_forest","","","","","terrainMountainSpikes","LAND","SurfaceMountainSnow","LAND","BIOME","getConfig(), baseBiome().topBlock, baseBiome().fillerBlock, true, Blocks.SAND.getDefaultState(), 0.45f, 1.5f, 60f, 65f, 0.4f, 130f, 50f, 1.5f",""
"RealisticBiomeBOPBrushland","brushland","","","","","terrainGrasslandHills","LAND","SurfaceGrasslandMix1","LAND","BIOME","getConfig(), baseBiome().topBlock, baseBiome().fillerBlock, Blocks.SAND.getDefaultState(), Blocks.STONE.getDefaultState(), Blocks.COBBLESTONE.getDefaultState(), 13f, 0.27f",""
"RealisticBiomeBOPChaparral","chaparral","","","","","terrainGrasslandHills","LAND","SurfaceGrasslandMix1","LAND","BIOME","getConfig(), baseBiome().topBlock, baseBiome().fillerBlock, Blocks.SAND.getDefaultState(), Blocks.STONE.getDefaultState(), Blocks.COBBLESTONE.getDefaultState(), 26f, 0.35f",""
"RealisticBiomeBOPCherryBlossomGrove","cherry_blossom_grove","","","","","terrainHighland","LAND","SurfaceMountainStone","LAND","BIOME","getConfig(), baseBiome().topBlock, baseBiome().fillerBlock, true, Blocks.SAND.getDefaultState(), 0.45f, 1.5f, 60f, 65f, 1.5f",""
"RealisticBiomeBOPColdDesert","cold_desert","","","","","terrainHilly","LAND","SurfaceDesertMountain","LAND","DESERT","getConfig(), baseBiome().topBlock, baseBiome().fillerBlock, false, null, 0f, 1.5f, 60f, 65f, 1.5f",""
"RealisticBiomeBOPConiferousForest","coniferous_forest","","","","","terrainMountainRiver","LAND","SurfaceMountainSnow","LAND","GRASS","getConfig(), Blocks.GRASS.getDefaultState(), Blocks.DIRT.getDefaultState(), false, null, 0.45f",""
"RealisticBiomeBOPCoralReef","coral_reef","","","","","terrainOcean","OCEAN","SurfaceOcean","OCEAN","SAND","getConfig(), true",""
"RealisticBiomeBOPCrag","crag","","","","","terrainCanyon","LAND","SurfaceCanyon","LAND","SAND","getConfig(), Blocks.SAND.getDefaultState(), Blocks.SAND.getDefaultState(), (byte) 1, 0",""
"RealisticBiomeBOPDeadForest","dead_forest","","","","","terrainGrasslandHills","LAND","SurfaceGrassland","LAND","BIOME","getConfig(), baseBiome().topBlock, baseBiome().fillerBlock, Blocks.STONE.getDefaultState(), Blocks.COBBLESTONE.getDefaultState()",""
"RealisticBiomeBOPDeadSwamp","dead_swamp","","","","","terrainMarsh","LAND","SurfaceGrassland","LAND","BIOME","getConfig(), baseBiome().topBlock, baseBiome().fillerBlock, Blocks.STONE.getDefaultState(), Blocks.COBBLESTONE.getDefaultState()",""
"RealisticBiomeBOPEucalyptusForest","eucalyptus_forest","","","","","terrainSwampMountain","LAND","SurfaceMountainStone","LAND","BIOME","getConfig(), baseBiome().topBlock, baseBiome().fillerBlock, false, null, 0.95f",""
"RealisticBiomeBOPFen","fen","","","","","terrainHighland","LAND","SurfaceGrassland","LAND","BIOME","getConfig(), baseBiome().topBlock, baseBiome().fillerBlock, Blocks.STONE.getDefaultState(), Blocks.COBBLESTONE.getDefaultState()",""
"RealisticBiomeBOPFlowerField","flower_field","","","","","terrainMarsh","LAND","SurfaceGrassland","LAND","BIOME","getConfig(), baseBiome().topBlock, baseBiome().fillerBlock, Blocks.STONE.getDefaultState(), Blocks.COBBLESTONE.getDefaultState()",""
"RealisticBiomeBOPFlowerIsland","flower_island","","","","","terrainIslandTropical","ISLAND","SurfaceIslandMountainStone","ISLAND","BIOME","getConfig(), baseBiome().topBlock, baseBiome().fillerBlock, 67, Blocks.SAND.getDefaultState(), 0f",""
"RealisticBiomeBOPGlacier","glacier","","","","","terrainMountainSpikes","LAND","SurfaceMountainSnow","LAND","BIOME","getConfig(), baseBiome().topBlock, baseBiome().fillerBlock, false, null, 0.2f",""
"RealisticBiomeBOPGrassland","grassland","","","","","terrainGrasslandHills","LAND","SurfaceGrassland","LAND","BIOME","getConfig(), baseBiome().topBlock, baseBiome().fillerBlock, Blocks.STONE.getDefaultState(), Blocks.COBBLESTONE.getDefaultState()",""
"RealisticBiomeBOPGravelBeach","gravel_beach","","","","","terrainCoastDunes","COAST_WARM","SurfaceCoastDunes","COAST_WARM","SAND","getConfig()",""
"RealisticBiomeBOPGrove","grove","","","","","terrainHighland","LAND","SurfaceGrassland","LAND","BIOME","getConfig(), baseBiome().topBlock, baseBiome().fillerBlock, Blocks.STONE.getDefaultState(), Blocks.COBBLESTONE.getDefaultState()",""
"RealisticBiomeBOPHighland","highland","","","","","terrainHighland","LAND","SurfaceMountainStone","LAND","BIOME","getConfig(), baseBiome().topBlock, baseBiome().fillerBlock, false, null, 1f, 1.5f, 85f, 20f, 4f",""
"RealisticBiomeBOPKelpForest","kelp_forest","","","","","terrainOcean","OCEAN","SurfaceOcean","OCEAN","SAND","getConfig(), true",""
"RealisticBiomeBOPLandOfLakes","land_of_lakes","","","","","terrainGrasslandHills","LAND","SurfaceGrassland","LAND","BIOME","getConfig(), baseBiome().topBlock, baseBiome().fillerBlock, Blocks.STONE.getDefaultState(), Blocks.COBBLESTONE.getDefaultState()",""
"RealisticBiomeBOPLavenderFields","lavender_fields","","","","","terrainMountainSpikes","LAND","SurfaceMountainStone","LAND","BIOME","getConfig(), baseBiome().topBlock, baseBiome().fillerBlock, false, null, 1.2f",""
"RealisticBiomeBOPLushDesert","lush_desert","","","","","terrainGrasslandHills","LAND","SurfaceGrassland","LAND","BIOME","getConfig(), baseBiome().topBlock, baseBiome().fillerBlock, Blocks.STONE.getDefaultState(), Blocks.COBBLESTONE.getDefaultState()",""
"RealisticBiomeBOPLushSwamp","lush_swamp","","","","","terrainSwampRiver","LAND","SurfaceGrassland","LAND","BIOME","getConfig(), baseBiome().topBlock, baseBiome().fillerBlock, Blocks.STONE.getDefaultState(), Blocks.COBBLESTONE.getDefaultState()",""
"RealisticBiomeBOPMangrove","mangrove","","","","","terrainSwampRiver","LAND","SurfaceGrassland","LAND","BIOME","getConfig(), baseBiome().topBlock, baseBiome().fillerBlock, Blocks.STONE.getDefaultState(), Blocks.COBBLESTONE.getDefaultState()",""
"RealisticBiomeBOPMapleWoods","maple_woods","","","","","terrainHighland","LAND","SurfaceGrassland","LAND","BIOME","getConfig(), baseBiome().topBlock, baseBiome().fillerBlock, Blocks.STONE.getDefaultState(), Blocks.COBBLESTONE.getDefaultState()",""
"RealisticBiomeBOPMarsh","marsh","","","","","terrainMarsh","LAND","SurfaceGrassland","LAND","BIOME","getConfig(), baseBiome().topBlock, baseBiome().fillerBlock, Blocks.STONE.getDefaultState(), Blocks.COBBLESTONE.getDefaultState()",""
"RealisticBiomeBOPMeadow","meadow","","","","","terrainMountainSpikes","LAND","SurfaceMountainStone","LAND","BIOME","getConfig(), baseBiome().topBlock, baseBiome().fillerBlock, false, null, 1.2f",""
"RealisticBiomeBOPMoor","moor","","","","","terrainMountainRiver","LAND","SurfaceMountainSnow","LAND","BIOME","getConfig(), baseBiome().topBlock, baseBiome().fillerBlock, true, Blocks.SAND.getDefaultState(), 0.2f",""
"RealisticBiomeBOPMountainFoothills","mountain_foothills","","","","","terrainMountainRiver","LAND","SurfaceMountainSnow","LAND","BIOME","getConfig(), baseBiome().topBlock, baseBiome().fillerBlock, true, Blocks.SAND.getDefaultState(), 0.2f",""
"RealisticBiomeBOPMountainPeaks","mountain","","","","","terrainMountainRiver","LAND","SurfaceMountainStone","LAND","BIOME","getConfig(), baseBiome().topBlock, baseBiome().fillerBlock, true, Blocks.SAND.getDefaultState(), 0.75f",""
"RealisticBiomeBOPMysticGrove","mystic_grove","","","","","terrainHighland","LAND","SurfaceGrassland","LAND","BIOME","getConfig(), baseBiome().topBlock, baseBiome().fillerBlock, Blocks.STONE.getDefaultState(), Blocks.COBBLESTONE.getDefaultState()",""
"RealisticBiomeBOPOasis","oasis","","","","","terrainMarsh","LAND","SurfaceGrassland","LAND","BIOME","getConfig(), baseBiome().topBlock, baseBiome().fillerBlock, Blocks.STONE.getDefaultState(), Blocks.COBBLESTONE.getDefaultState()",""
"RealisticBiomeBOPOminousWoods","ominous_woods","","","","","terrainHilly","LAND","SurfaceGrassland","LAND","BIOME","getConfig(), baseBiome().topBlock, baseBiome().fillerBlock, Blocks.STONE.getDefaultState(), Blocks.COBBLESTONE.getDefaultState()",""
"RealisticBiomeBOPOrchard","orchard","","","","","terrainGrasslandHills","LAND","SurfaceGrassland","LAND","BIOME","getConfig(), baseBiome().topBlock, baseBiome().fillerBlock, Blocks.STONE.getDefaultState(), Blocks.COBBLESTONE.getDefaultState()",""
"RealisticBiomeBOPOriginBeach","origin_beach","","","","","terrainCoastDunes","COAST_WARM","SurfaceCoastDunes","COAST_WARM","SAND","getConfig()",""
"RealisticBiomeBOPOriginIsland","origin_island","","","","","terrainIslandTundra","ISLAND","SurfaceIslandMountainStone","ISLAND","BIOME","getConfig(), baseBiome().topBlock, baseBiome().fillerBlock, 67, Blocks.SAND.getDefaultState(), 0f",""
"RealisticBiomeBOPOutback","outback","","","","","terrainDuneValley","LAND","SurfaceDuneValley","LAND","BIOME","getConfig(), baseBiome().topBlock, baseBiome().fillerBlock, 300f, false, false",""
"RealisticBiomeBOPOvergrownCliffs","overgrown_cliffs","","","","","terrainMountainRiver","LAND","SurfaceMountainSnow","LAND","BIOME","getConfig(), baseBiome().topBlock, baseBiome().fillerBlock, true, Blocks.SAND.getDefaultState(), 0.2f",""
"RealisticBiomeBOPPasture","pasture","","","","","terrainGrasslandHills","LAND","SurfaceGrassland","LAND","BIOME","getConfig(), baseBiome().topBlock, baseBiome().fillerBlock, Blocks.STONE.getDefaultState(), Blocks.COBBLESTONE.getDefaultState()",""
"RealisticBiomeBOPPrairie","prairie","","","","","terrainGrasslandHills","LAND","SurfaceGrassland","LAND","BIOME","getConfig(), baseBiome().topBlock, baseBiome().fillerBlock, Blocks.STONE.getDefaultState(), Blocks.COBBLESTONE.getDefaultState()",""
"RealisticBiomeBOPQuagmire","quagmire","","","","","terrainMarsh","LAND","SurfaceGrassland","LAND","BIOME","getConfig(), baseBiome().topBlock, baseBiome().fillerBlock, Blocks.STONE.getDefaultState(), Blocks.COBBLESTONE.getDefaultState()",""
"RealisticBiomeBOPRainforest","rainforest","","","","","terrainSwampMountain","LAND","SurfaceMountainStone","LAND","BIOME","getConfig(), baseBiome().topBlock, baseBiome().fillerBlock, false, null, 1.3f",""
"RealisticBiomeBOPRedwoodForest","redwood_forest","","","","","terrainGrasslandHills","LAND","SurfaceMountainStone","LAND","BIOME","getConfig(), baseBiome().topBlock, baseBiome().fillerBlock, false, null, 0.4f",""
"RealisticBiomeBOPRedwoodForestEdge","redwood_forest_edge","","","","","terrainGrasslandHills","LAND","SurfaceGrassland","LAND","BIOME","getConfig(), baseBiome().topBlock, baseBiome().fillerBlock, Blocks.STONE.getDefaultState(), Blocks.COBBLESTONE.getDefaultState()",""
"RealisticBiomeBOPSacredSprings","sacred_springs","","","","","terrainHighland","LAND","SurfaceGrassland","LAND","BIOME","getConfig(), baseBiome().topBlock, baseBiome().fillerBlock, Blocks.STONE.getDefaultState(), Blocks.COBBLESTONE.getDefaultState()",""
"RealisticBiomeBOPSeasonalForest","seasonal_forest","","","","","terrainHighland","LAND","SurfaceGrassland","LAND","BIOME","getConfig(), baseBiome().topBlock, baseBiome().fillerBlock, Blocks.STONE.getDefaultState(), Blocks.COBBLESTONE.getDefaultState()",""
"RealisticBiomeBOPShield","shield","","","","","terrainGrasslandHills","LAND","SurfaceGrassland","LAND","BIOME","getConfig(), baseBiome().topBlock, baseBiome().fillerBlock, Blocks.STONE.getDefaultState(), Blocks.COBBLESTONE.getDefaultState()",""
"RealisticBiomeBOPShrubland","shrubland","","","","","terrainGrasslandHills","LAND","SurfaceGrassland","LAND","BIOME","getConfig(), baseBiome().topBlock, baseBiome().fillerBlock, Blocks.STONE.getDefaultState(), Blocks.COBBLESTONE.getDefaultState()",""
"RealisticBiomeBOPSnowyConiferousForest","snowy_coniferous_forest","","","","","terrainMountainRiver","LAND","SurfaceMountainSnow","LAND","GRASS","getConfig(), Blocks.GRASS.getDefaultState(), Blocks.DIRT.getDefaultState(), false, null, 0.45f, 1.5f, 50f, 60f, 0.4f, 100f, 50f, 1.5f",""
"RealisticBiomeBOPSnowyForest","snowy_forest","","","","","terrainHighland","LAND","SurfaceGrassland","LAND","BIOME","getConfig(), baseBiome().topBlock, baseBiome().fillerBlock, Blocks.STONE.getDefaultState(), Blocks.COBBLESTONE.getDefaultState()",""
"RealisticBiomeBOPSnowyTundra","snowy_tundra","","","","","terrainGrasslandHills","LAND","SurfaceGrassland","LAND","BIOME","getConfig(), baseBiome().topBlock, baseBiome().fillerBlock, Blocks.STONE.getDefaultState(), Blocks.COBBLESTONE.getDefaultState()",""
"RealisticBiomeBOPSteppe","steppe","","","","","terrainGrasslandHills","LAND","SurfaceGrassland","LAND","BIOME","getConfig(), baseBiome().topBlock, baseBiome().fillerBlock, Blocks.STONE.getDefaultState(), Blocks.COBBLESTONE.getDefaultState()",""
"RealisticBiomeBOPTemperateRainforest","temperate_rainforest","","","","","terrainMountainRiver","LAND","SurfaceMountainStone","LAND","BIOME","getConfig(), baseBiome().topBlock, baseBiome().fillerBlock, false, null, 0.45f",""
"RealisticBiomeBOPTropicalIsland","tropical_island","","","","","terrainIslandTropical","ISLAND","SurfaceIslandMountainStone","ISLAND","BIOME","getConfig(), baseBiome().topBlock, baseBiome().fillerBlock, 67, Blocks.SAND.getDefaultState(), 0f",""
"RealisticBiomeBOPTropicalRainforest","tropical_rainforest","","","","","terrainHighland","LAND","SurfaceGrassland","LAND","BIOME","getConfig(), baseBiome().topBlock, baseBiome().fillerBlock, Blocks.STONE.getDefaultState(), Blocks.COBBLESTONE.getDefaultState()",""
"RealisticBiomeBOPTundra","tundra","","","","","terrainGrasslandHills","LAND","SurfaceGrassland","LAND","BIOME","getConfig(), baseBiome().topBlock, baseBiome().fillerBlock, Blocks.STONE.getDefaultState(), Blocks.COBBLESTONE.getDefaultState()",""
"RealisticBiomeBOPWasteland","wasteland","","","","","terrainHighland","LAND","SurfaceGrassland","LAND","BIOME","getConfig(), baseBiome().topBlock, baseBiome().fillerBlock, Blocks.STONE.getDefaultState(), Blocks.COBBLESTONE.getDefaultState()",""
"RealisticBiomeBOPWetland","wetland","","","","","terrainMarsh","LAND","SurfaceGrassland","LAND","BIOME","getConfig(), baseBiome().topBlock, baseBiome().fillerBlock, Blocks.STONE.getDefaultState(), Blocks.COBBLESTONE.getDefaultState()",""
"RealisticBiomeBOPWhiteBeach","white_beach","","","","","terrainCoastDunes","COAST_WARM","SurfaceCoastDunes","COAST_WARM","SAND","this.getConfig()",""
"RealisticBiomeBOPWoodland","woodland","","","","","terrainHighland","LAND","SurfaceGrassland","LAND","BIOME","getConfig(), baseBiome().topBlock, baseBiome().fillerBlock, Blocks.STONE.getDefaultState(), Blocks.COBBLESTONE.getDefaultState()",""
"RealisticBiomeBOPXericShrubland","xeric_shrubland","","","","","terrainGrasslandHills","LAND","SurfaceGrassland","LAND","BIOME","getConfig(), baseBiome().topBlock, baseBiome().fillerBlock, Blocks.STONE.getDefaultState(), Blocks.COBBLESTONE.getDefaultState()",""
"RealisticBiomeIslandVolcano","volcanic_island","","","","","terrainIslandTropical","ISLAND","SurfaceVolcanoAsh","LAND","BIOME","this.getConfig(), baseBiome().topBlock, baseBiome().fillerBlock",""
"RealisticBiomeMountainChain","realisticbiomemountainchain","","","","","terrainHilly","LAND","","LAND","OTHER","",""
"RealisticBiomeRtgOcean","realisticbiomertgocean","","","","","terrainOcean","OCEAN","SurfaceOcean","OCEAN","SAND","this.getConfig(), this.shallow",""
"RealisticBiomeTCEerie","eerie","","","","","terrainSmallSupport","LAND","SurfaceGrassland","LAND","BIOME","getConfig(), baseBiome().topBlock, baseBiome().fillerBlock, Blocks.STONE.getDefaultState(), Blocks.COBBLESTONE.getDefaultState()",""
"RealisticBiomeTCMagicalForest","magical_forest","","","","","terrainSwampMountain","LAND","SurfaceGrassland","LAND","BIOME","getConfig(), baseBiome().topBlock, baseBiome().fillerBlock, Blocks.STONE.getDefaultState(), Blocks.COBBLESTONE.getDefaultState()",""
"RealisticBiomeVanillaBeach","beaches","","","","","terrainCoastDunes","COAST_WARM","SurfaceCoastDunes","COAST_WARM","SAND","getConfig()",""
"RealisticBiomeVanillaBirchForest","birch_forest","","","","","terrainHilly","LAND","SurfaceMountainStone","LAND","BIOME","getConfig(), baseBiome().topBlock, baseBiome().fillerBlock, false, null, 0f, 1.5f, 60f, 65f, 1.5f",""
"RealisticBiomeVanillaBirchForestHills","birch_forest_hills","","","","","terrainHilly","LAND","SurfaceMountainStone","LAND","BIOME","getConfig(), baseBiome().topBlock, baseBiome().fillerBlock, false, null, 0f, 1.5f, 60f, 65f, 1.5f",""
"RealisticBiomeVanillaBirchForestHillsM","mutated_birch_forest_hills","","","","","terrainHilly","LAND","SurfaceMountainStone","LAND","BIOME","getConfig(), baseBiome().topBlock, baseBiome().fillerBlock, false, null, 0f, 1.5f, 60f, 65f, 1.5f",""
"RealisticBiomeVanillaBirchForestM","mutated_birch_forest","","","","","terrainHilly","LAND","SurfaceMountainStone","LAND","BIOME","getConfig(), baseBiome().topBlock, baseBiome().fillerBlock, false, null, 0f, 1.5f, 60f, 65f, 1.5f",""
"RealisticBiomeVanillaColdBeach","cold_beach","","","","","terrainCoastIce","COAST_COLD","SurfaceCoastIce","COAST_COLD","ICE","this.getConfig()",""
"RealisticBiomeVanillaColdTaiga","taiga_cold","","","","","terrainMountainRiver","LAND","SurfaceMountainSnow","LAND","BIOME","getConfig(), baseBiome().topBlock, baseBiome().fillerBlock, true, Blocks.SAND.getDefaultState(), 0.2f",""
"RealisticBiomeVanillaColdTaigaHills","taiga_cold_hills","","","","","terrainMountainRiver","LAND","SurfaceMountainSnow","LAND","BIOME","getConfig(), baseBiome().topBlock, baseBiome().fillerBlock, true, Blocks.SAND.getDefaultState(), 0.2f",""
"RealisticBiomeVanillaColdTaigaM","mutated_taiga_cold","","","","","terrainGrasslandMountains","LAND","SurfaceMountainStone","LAND","BIOME","getConfig(), baseBiome().topBlock, baseBiome().fillerBlock, false, null, 0.6f",""
"RealisticBiomeVanillaDeepOcean","deep_ocean","","","","","terrainOcean","OCEAN","SurfaceOcean","OCEAN","GRAVEL","this.getConfig(), false",""
"RealisticBiomeVanillaDesert","desert","","","","","terrainPolar","POLAR","SurfaceDesertMountain","LAND","DESERT","getConfig(), baseBiome().topBlock, baseBiome().fillerBlock, false, null, 0f, 1.5f, 60f, 65f, 1.5f","KNOWN-DEVIATION(terrainPolar used as dune recipe; see docs section 20)"
"RealisticBiomeVanillaDesertHills","desert_hills","","","","","terrainHilly","LAND","SurfaceMountainStone","LAND","BIOME","getConfig(), baseBiome().topBlock, baseBiome().fillerBlock, false, null, 0f, 1.5f, 60f, 65f, 1.5f",""
"RealisticBiomeVanillaDesertM","mutated_desert","","","","","terrainHilly","LAND","SurfaceMountainStone","LAND","BIOME","getConfig(), baseBiome().topBlock, baseBiome().fillerBlock, false, null, 0f, 1.5f, 60f, 65f, 1.5f",""
"RealisticBiomeVanillaExtremeHills","extreme_hills","","","","","terrainMountain","LAND","SurfaceTundra","LAND","BIOME","getConfig(), baseBiome().topBlock, baseBiome().fillerBlock",""
"RealisticBiomeVanillaExtremeHillsEdge","smaller_extreme_hills","","","","","terrainMountainRiver","LAND","SurfaceMountainSnow","LAND","BIOME","getConfig(), baseBiome().topBlock, baseBiome().fillerBlock, true, Blocks.SAND.getDefaultState(), 0.2f",""
"RealisticBiomeVanillaExtremeHillsM","mutated_extreme_hills","","","","","shared:RealisticBiomeVanillaExtremeHills.GrandMountain","LAND","SurfaceTundra","LAND","BIOME","getConfig(), baseBiome().topBlock, baseBiome().fillerBlock",""
"RealisticBiomeVanillaExtremeHillsPlus","extreme_hills_with_trees","","","","","terrainHilly","LAND","SurfaceMountainStone","LAND","BIOME","getConfig(), baseBiome().topBlock, baseBiome().fillerBlock, false, null, 1f, 1.5f, 60f, 65f, 1.5f",""
"RealisticBiomeVanillaExtremeHillsPlusM","mutated_extreme_hills_with_trees","","","","","shared:RealisticBiomeVanillaExtremeHills.GrandMountain","LAND","SurfaceMountainStone","LAND","BIOME","getConfig(), baseBiome().topBlock, baseBiome().fillerBlock, false, null, 0f, 1.5f, 60f, 65f, 1.5f",""
"RealisticBiomeVanillaFlowerForest","mutated_forest","","","","","terrainHilly","LAND","SurfaceMountainStone","LAND","BIOME","getConfig(), baseBiome().topBlock, baseBiome().fillerBlock, false, null, 0f, 1.5f, 60f, 65f, 1.5f",""
"RealisticBiomeVanillaForest","forest","","","","","terrainHilly","LAND","SurfaceMountainStone","LAND","BIOME","getConfig(), baseBiome().topBlock, baseBiome().fillerBlock, false, null, 0f, 1.5f, 60f, 65f, 1.5f",""
"RealisticBiomeVanillaForestHills","forest_hills","","","","","terrainHilly","LAND","SurfaceMountainStone","LAND","BIOME","getConfig(), baseBiome().topBlock, baseBiome().fillerBlock, false, null, 0f, 1.5f, 60f, 65f, 1.5f",""
"RealisticBiomeVanillaFrozenOcean","frozen_ocean","","","","","terrainOcean","OCEAN","SurfaceOcean","OCEAN","SAND","this.getConfig(), true",""
"RealisticBiomeVanillaFrozenRiver","frozen_river","","","","","terrainMountainRiver","LAND","SurfaceMountainSnow","LAND","BIOME","getConfig(), baseBiome().topBlock, baseBiome().fillerBlock, true, Blocks.SAND.getDefaultState(), 0.2f",""
"RealisticBiomeVanillaIceMountains","ice_mountains","","","","","terrainMountainSpikes","LAND","SurfaceMountainSnow","LAND","BIOME","getConfig(), baseBiome().topBlock, baseBiome().fillerBlock, false, null, 0.2f",""
"RealisticBiomeVanillaIcePlains","ice_flats","","","","","terrainFlatLakes","LAND","SurfaceMountainSnow","LAND","BIOME","getConfig(), baseBiome().topBlock, baseBiome().fillerBlock, true, Blocks.SAND.getDefaultState(), 0.2f",""
"RealisticBiomeVanillaIcePlainsSpikes","mutated_ice_flats","","","","","terrainHighland","LAND","SurfaceGrassland","LAND","BIOME","getConfig(), baseBiome().topBlock, baseBiome().fillerBlock, Blocks.STONE.getDefaultState(), Blocks.COBBLESTONE.getDefaultState()",""
"RealisticBiomeVanillaJungle","jungle","","","","","terrainHighland","LAND","SurfaceGrassland","LAND","BIOME","getConfig(), baseBiome().topBlock, baseBiome().fillerBlock, Blocks.STONE.getDefaultState(), Blocks.COBBLESTONE.getDefaultState()",""
"RealisticBiomeVanillaJungleEdge","jungle_edge","","","","","terrainHilly","LAND","SurfaceMountainStone","LAND","BIOME","getConfig(), baseBiome().topBlock, baseBiome().fillerBlock, false, null, 1f, 1.5f, 60f, 65f, 1.5f",""
"RealisticBiomeVanillaJungleEdgeM","mutated_jungle_edge","","","","","terrainGrasslandMountains","LAND","SurfaceMountainStone","LAND","BIOME","getConfig(), baseBiome().topBlock, baseBiome().fillerBlock, false, null, 0.6f",""
"RealisticBiomeVanillaJungleHills","jungle_hills","","","","","terrainHilly","LAND","SurfaceMountainStone","LAND","BIOME","getConfig(), baseBiome().topBlock, baseBiome().fillerBlock, false, null, 1f, 1.5f, 60f, 65f, 1.5f",""
"RealisticBiomeVanillaJungleM","mutated_jungle","","","","","terrainGrasslandMountains","LAND","SurfaceMountainStone","LAND","BIOME","getConfig(), baseBiome().topBlock, baseBiome().fillerBlock, false, null, 0.6f",""
"RealisticBiomeVanillaMegaSpruceTaiga","mutated_redwood_taiga","","","","","terrainMountainRiver","LAND","SurfaceMountainSnow","LAND","BIOME","getConfig(), baseBiome().topBlock, baseBiome().fillerBlock, true, Blocks.SAND.getDefaultState(), 0.2f",""
"RealisticBiomeVanillaMegaTaiga","redwood_taiga","","","","","terrainMountainRiver","LAND","SurfaceMountainSnow","LAND","BIOME","getConfig(), baseBiome().topBlock, baseBiome().fillerBlock, true, Blocks.SAND.getDefaultState(), 0.2f",""
"RealisticBiomeVanillaMegaTaigaHills","redwood_taiga_hills","","","","","terrainMountainRiver","LAND","SurfaceMountainSnow","LAND","BIOME","getConfig(), baseBiome().topBlock, baseBiome().fillerBlock, true, Blocks.SAND.getDefaultState(), 0.2f",""
"RealisticBiomeVanillaMesa","mesa","","","","","terrainMesa","LAND","SurfaceMesa","LAND","DESERT","getConfig(), Blocks.SAND.getDefaultState(), Blocks.SAND.getDefaultState(), (byte) 1",""
"RealisticBiomeVanillaMesaBryce","mutated_mesa","","","","","terrainMesa","LAND","SurfaceMesa","LAND","DESERT","getConfig(), Blocks.SAND.getDefaultState(), Blocks.SAND.getDefaultState(), (byte) 1",""
"RealisticBiomeVanillaMesaPlateau","mesa_clear_rock","","","","","terrainMesa","LAND","SurfaceMesa","LAND","DESERT","getConfig(), Blocks.SAND.getDefaultState(), Blocks.SAND.getDefaultState(), (byte) 1",""
"RealisticBiomeVanillaMesaPlateauF","mesa_rock","","","","","shared:RealisticBiomeVanillaMesaPlateau.TerrainRTGMesaPlateau","LAND","SurfaceMesa","LAND","DESERT","getConfig(), Blocks.SAND.getDefaultState(), Blocks.SAND.getDefaultState(), (byte) 1",""
"RealisticBiomeVanillaMesaPlateauFM","mutated_mesa_rock","","","","","shared:RealisticBiomeVanillaMesaPlateau.TerrainRTGMesaPlateau","LAND","SurfaceMesa","LAND","DESERT","getConfig(), Blocks.SAND.getDefaultState(), Blocks.SAND.getDefaultState(), (byte) 1",""
"RealisticBiomeVanillaMesaPlateauM","mutated_mesa_clear_rock","","","","","shared:RealisticBiomeVanillaMesaPlateau.TerrainRTGMesaPlateau","LAND","SurfaceMesa","LAND","DESERT","getConfig(), Blocks.SAND.getDefaultState(), Blocks.SAND.getDefaultState(), (byte) 1",""
"RealisticBiomeVanillaMushroomIsland","mushroom_island","","","","","terrainSmallIsland","ISLAND","SurfaceGrassland","LAND","BIOME","getConfig(), baseBiome().topBlock, baseBiome().fillerBlock, Blocks.STONE.getDefaultState(), Blocks.COBBLESTONE.getDefaultState()",""
"RealisticBiomeVanillaMushroomIslandShore","mushroom_island_shore","","","","","terrainMarsh","LAND","SurfaceGrassland","LAND","BIOME","getConfig(), baseBiome().topBlock, baseBiome().fillerBlock, Blocks.STONE.getDefaultState(), Blocks.COBBLESTONE.getDefaultState()",""
"RealisticBiomeVanillaOcean","ocean","","","","","terrainOcean","OCEAN","SurfaceOcean","OCEAN","SAND","this.getConfig(), true",""
"RealisticBiomeVanillaPlains","plains","","","","","terrainGrasslandFlats","LAND","SurfaceGrassland","LAND","BIOME","getConfig(), baseBiome().topBlock, baseBiome().fillerBlock, Blocks.STONE.getDefaultState(), Blocks.COBBLESTONE.getDefaultState()",""
"RealisticBiomeVanillaRedwoodTaigaHills","mutated_redwood_taiga_hills","","","","","terrainMountainRiver","LAND","SurfaceMountainSnow","LAND","BIOME","getConfig(), baseBiome().topBlock, baseBiome().fillerBlock, true, Blocks.SAND.getDefaultState(), 0.2f",""
"RealisticBiomeVanillaRiver","river","","","","","terrainMountainRiver","LAND","SurfaceMountainSnow","LAND","BIOME","getConfig(), baseBiome().topBlock, baseBiome().fillerBlock, true, Blocks.SAND.getDefaultState(), 0.2f",""
"RealisticBiomeVanillaRoofedForest","roofed_forest","","","","","terrainHilly","LAND","SurfaceMountainStone","LAND","BIOME","getConfig(), baseBiome().topBlock, baseBiome().fillerBlock, false, null, 0f, 1.5f, 60f, 65f, 1.5f",""
"RealisticBiomeVanillaRoofedForestM","mutated_roofed_forest","","","","","terrainGrasslandMountains","LAND","SurfaceMountainStone","LAND","BIOME","getConfig(), baseBiome().topBlock, baseBiome().fillerBlock, false, null, 0.6f",""
"RealisticBiomeVanillaSavanna","savanna","","","","","terrainGrasslandFlats","LAND","SurfaceGrasslandMix1","LAND","GRASS","getConfig(), Blocks.GRASS.getDefaultState(), Blocks.DIRT.getDefaultState(), Blocks.SAND.getDefaultState(), Blocks.STONE.getDefaultState(), Blocks.COBBLESTONE.getDefaultState(), 13f, 0.27f",""
"RealisticBiomeVanillaSavannaM","mutated_savanna","","","","","terrainMesa","LAND","SurfaceMesa","LAND","DESERT","getConfig(), Blocks.SAND.getDefaultState(), Blocks.SAND.getDefaultState(), (byte) 1",""
"RealisticBiomeVanillaSavannaPlateau","savanna_rock","","","","","terrainMesa","LAND","SurfaceMesa","LAND","DESERT","getConfig(), Blocks.SAND.getDefaultState(), Blocks.SAND.getDefaultState(), (byte) 1",""
"RealisticBiomeVanillaSavannaPlateauM","mutated_savanna_rock","","","","","terrainMesa","LAND","SurfaceMesa","LAND","DESERT","getConfig(), Blocks.SAND.getDefaultState(), Blocks.SAND.getDefaultState(), (byte) 1",""
"RealisticBiomeVanillaStoneBeach","stone_beach","","","","","terrainCoastDunes","COAST_WARM","SurfaceCoastDunes","COAST_WARM","SAND","getConfig()",""
"RealisticBiomeVanillaSunflowerPlains","mutated_plains","","","","","terrainMarsh","LAND","SurfaceGrassland","LAND","BIOME","getConfig(), baseBiome().topBlock, baseBiome().fillerBlock, Blocks.STONE.getDefaultState(), Blocks.COBBLESTONE.getDefaultState()",""
"RealisticBiomeVanillaSwampland","swampland","","","","","terrainMarsh","LAND","SurfaceGrassland","LAND","BIOME","getConfig(), baseBiome().topBlock, baseBiome().fillerBlock, Blocks.STONE.getDefaultState(), Blocks.COBBLESTONE.getDefaultState()",""
"RealisticBiomeVanillaSwamplandM","mutated_swampland","","","","","terrainMarsh","LAND","SurfaceGrassland","LAND","BIOME","getConfig(), baseBiome().topBlock, baseBiome().fillerBlock, Blocks.STONE.getDefaultState(), Blocks.COBBLESTONE.getDefaultState()",""
"RealisticBiomeVanillaTaiga","taiga","","","","","terrainMountainRiver","LAND","SurfaceMountainSnow","LAND","BIOME","getConfig(), baseBiome().topBlock, baseBiome().fillerBlock, true, Blocks.SAND.getDefaultState(), 0.2f",""
"RealisticBiomeVanillaTaigaHills","taiga_hills","","","","","terrainMountainRiver","LAND","SurfaceMountainSnow","LAND","BIOME","getConfig(), baseBiome().topBlock, baseBiome().fillerBlock, true, Blocks.SAND.getDefaultState(), 0.2f",""
"RealisticBiomeVanillaTaigaM","mutated_taiga","","","","","terrainGrasslandHills","LAND","SurfaceGrassland","LAND","BIOME","getConfig(), baseBiome().topBlock, baseBiome().fillerBlock, Blocks.STONE.getDefaultState(), Blocks.COBBLESTONE.getDefaultState()",""
